failure,smart5,smart9,smart187,smart192,smart194,smart197,smart198
1,0,31965,0,728,29,0,0
1,0,12866,0,3,21,0,0
1,2665,45631,0,0,27,0,0
1,16,895,24,0,17,0,0
1,3975,21494,0,0,26,0,0
1,3975,46250,0,0,27,0,0
1,0,8879,0,16,27,0,0
1,0,12892,0,3,21,0,0
1,0,1424,0,0,30,0,0
1,0,1424,0,0,31,0,0
1,2,33809,0,828,27,0,0
1,0,11059,0,9,27,0,0
1,64776,20081,841,8,22,56,56
1,268,37861,25,0,26,1,1
1,0,11935,0,20,19,0,0
1,0,33817,0,865,23,0,0
1,0,13523,2,8,24,32,32
1,2544,13519,40,6,24,296,296
1,0,8992,0,2,26,0,0
1,1,2333,0,36,27,0,0
1,0,1473,2,0,23,24,24
1,0,2001,1,0,21,0,0
1,0,1473,0,0,23,8,8
1,528,21731,4,9,25,32,32
1,2647,40373,0,0,34,0,0
1,2772,48350,0,0,32,0,0
1,0,5680,0,3,27,2,0
1,24,41226,26,0,35,45,45
1,0,2179,0,1,18,1,0
1,0,28682,0,1037,21,3,0
1,1,4591,0,1,22,2,0
1,1,3654,0,1,28,0,0
1,1942,5097,0,3652,28,0,0
1,64784,18736,406,30,27,8,8
1,0,29083,0,15264,28,0,0
1,176,7401,109,1,30,168,168
1,2,4399,0,32,34,0,0
1,0,11753,1,5,23,0,0
1,0,850,6,0,19,0,0
1,1789,49928,0,0,27,38,38
1,0,7276,0,1,28,1,0
1,100,2602,0,283,22,864,0
1,0,11753,37,5,19,0,0
1,0,822,24,0,26,0,0
1,32,12396,21,4,28,216,216
1,7928,8075,18,2,22,0,0
1,0,10471,1,1,23,16,16
1,0,8212,0,2,20,0,0
1,0,7497,0,1,29,0,0
1,0,517,37,1,29,8,8
1,71,35086,0,974,32,0,0
1,2040,17594,0,6,25,32,32
1,19,36710,0,997,31,1,0
1,0,8214,5,1,23,40,40
1,0,17800,0,14,24,0,0
1,0,11445,0,49,28,64,64
1,2,49642,0,0,30,0,0
1,501,43748,1,0,26,0,0
1,1890,36767,0,929,27,12,0
1,0,13730,0,9,28,0,0
1,1,36765,0,1014,27,0,0
1,0,4068,0,45,27,0,0
1,1,34082,0,886,24,0,0
1,0,10543,0,1,20,0,0
1,0,14999,0,6,31,0,0
1,2,34081,0,865,23,0,0
1,1312,21353,18,10,26,0,0
1,0,47110,1,0,26,0,0
1,64736,21836,160,11,23,0,0
1,0,17916,0,12,25,0,0
1,0,11514,0,49,26,0,0
1,3528,17655,74,6,23,16,16
1,0,19278,6,7,21,24,24
1,6,45586,6,0,24,0,0
1,16,8358,3,1,25,0,0
1,0,17678,60,10,20,16,16
1,304,21726,34,7,26,40,40
1,0,21348,9,7,27,16,16
1,8,1761,4,0,30,0,0
1,0,7832,0,12,21,8,8
1,0,21132,1,19,20,16,16
1,0,6318,0,76,28,0,0
1,1184,20245,0,14,27,8,8
1,2696,43866,1,0,28,0,0
1,0,18705,0,12,28,0,0
1,10288,21425,48,8,26,424,424
1,0,4308,0,99,22,72,0
1,1,15095,6,6,31,2,2
1,0,7844,0,18,30,0,0
1,0,3476,0,3,25,0,0
1,0,31,0,1,20,48,48
1,0,7198,6,5,22,16,16
1,0,1017,0,0,27,0,0
1,0,9210,0,2,28,2,0
1,8,9663,19,4,24,56,56
1,15,48835,0,0,27,0,0
1,2456,5632,453,0,33,608,608
1,0,3324,0,32,25,0,0
1,0,21467,58,12,23,0,0
1,0,5739,0,2,22,2,0
1,0,1132,0,0,31,0,0
1,0,1133,0,0,30,0,0
1,0,30718,6,0,29,0,0
1,0,11257,2,1,24,40,40
1,38848,11234,185,4,28,24,24
1,0,19073,9,36,31,0,0
1,0,11256,1,3,20,8,8
1,58,37275,0,1108,27,18,0
1,0,4545,0,3,29,0,0
1,105,48877,12,0,31,5,5
1,0,21446,0,7,27,48,48
1,0,2408,6,1,22,0,0
1,0,48145,0,3,28,0,0
1,0,15103,0,10,29,0,0
1,16,318,31,0,22,32,32
1,0,10677,0,231,27,0,0
1,0,2479,6,1,22,0,0
1,0,11270,0,2,23,0,0
1,0,22197,7,12,23,0,0
1,131,45612,6,0,27,6,6
1,3214,43447,0,0,30,4,4
1,0,4525,0,58,36,0,0
1,11,40224,51,0,29,0,0
1,1090,49362,0,0,31,185,185
1,35,16539,0,29,24,48,0
1,44,35896,0,894,28,2,0
1,0,5929,0,3,28,1,0
1,0,14026,0,9,27,64,64
1,0,1252,0,0,33,0,0
1,0,6561,0,4,28,0,0
1,0,1254,0,0,32,0,0
1,0,25052,19,17,20,744,744
1,1,5679,0,42,28,0,0
1,5,36959,0,988,25,0,0
1,0,21874,0,0,26,0,0
1,0,20808,39,64,26,8,8
1,0,17606,0,11,26,0,0
1,1080,17608,0,11,27,0,0
1,0,5098,0,3,29,0,0
1,0,1381,0,0,22,0,0
1,0,3721,0,0,29,1,0
1,817,45266,15,0,30,8,8
1,0,2670,0,6,25,0,0
1,0,10950,0,1,20,0,0
1,0,18295,0,0,29,0,0
1,960,19293,118,36,34,216,216
1,0,10299,0,3,28,2,0
1,21816,19311,204,36,34,0,0
1,0,3082,0,37,22,0,0
1,3992,44356,0,0,27,0,0
1,0,4167,0,1,27,0,0
1,0,18326,0,9,27,0,0
1,2112,8320,38,1,29,296,296
1,886,45289,68,0,26,2,2
1,104,2166,56,0,26,200,200
1,1320,19360,2,37,30,0,0
1,0,36,0,0,25,0,0
1,2725,45525,12,0,25,0,0
1,0,22117,0,7,29,24,24
1,0,27833,0,43,27,11,0
1,0,3070,0,35,25,0,0
1,0,18281,0,12,27,0,0
1,0,19384,0,31,30,0,0
1,0,10638,0,8,32,0,0
1,132,17518,0,16,23,40,0
1,260,485,0,0,27,0,0
1,776,14286,33,2,27,24,24
1,21,32801,0,716,28,0,0
1,71,3895,0,11,28,16,0
1,3079,22223,0,0,31,0,0
1,0,29710,0,1158,28,0,0
1,0,10667,0,228,27,0,0
1,0,10991,0,1,24,0,0
1,736,19479,11,36,33,0,0
1,0,19481,7,34,33,8,8
1,0,9003,24,0,25,72,72
1,0,10867,0,3,23,1,0
1,0,33366,0,31,29,1,0
1,0,2839,7,1,23,40,40
1,0,13407,0,6,26,0,0
1,8656,11745,364,6,26,448,448
1,666,46049,0,0,27,1,1
1,0,16255,0,0,22,1,0
1,2576,22653,60,12,26,0,0
1,0,177,0,0,29,0,0
1,0,18562,0,9,25,0,0
1,2875,46719,0,0,27,5,5
1,3,33357,18,0,30,4,4
1,321,41931,24,0,29,0,0
1,7304,9055,153,2,26,64,64
1,0,2794,12,0,22,24,24
1,440,799,0,0,23,0,0
1,3146,48509,0,0,30,0,0
1,16,30925,0,1158,26,0,0
1,2075,30928,172,0,26,10,10
1,0,21155,0,8,27,0,0
1,3978,48898,0,0,26,0,0
1,0,47373,0,0,30,0,0
1,3975,46812,0,0,30,0,0
1,8,2649,0,1,23,8,8
1,31,48542,0,0,29,0,0
1,808,34157,6,0,27,2,2
1,976,28532,0,13,24,48,48
1,0,21623,0,12,24,0,0
1,40,8704,14,1,30,24,24
1,656,2528,26,0,26,24,24
1,0,3989,0,5,29,15,0
1,0,28438,0,9,28,0,0
1,15816,8072,0,1,26,0,0
1,32,3103,8,4,23,8,8
1,1090,28828,6,0,30,0,0
1,0,22094,0,25,21,0,0
1,859,42829,0,0,32,0,0
1,0,41997,63,0,32,0,0
1,3480,45987,0,0,24,1,1
1,0,42454,126,0,29,0,0
1,8,18519,8,10,20,0,0
1,12,30640,0,1103,35,2,0
1,1880,10485,36,1,24,72,72
1,1724,49412,2,0,28,7,7
1,0,10651,12,3,25,56,56
1,4,28183,0,3,28,74,4
1,0,8185,0,3,26,0,0
1,0,8549,0,3,21,0,0
1,2691,38102,0,0,32,0,0
1,7,44800,0,0,27,8,8
1,0,9001,0,21,23,32,32
1,0,9271,1,2,20,24,24
1,0,8435,6,2,24,16,16
1,4095,43403,1,0,34,0,0
1,712,19298,69,12,27,0,0
1,0,1614,0,1,29,0,0
1,0,11909,0,9,23,0,0
1,2257,43831,12,0,26,7,7
1,0,245,1,0,25,0,0
1,5096,3314,6,5,19,0,0
1,0,4880,0,3,18,0,0
1,48,7805,44,0,21,64,64
1,45,48090,4,0,31,0,0
1,0,3314,6,0,17,16,16
1,16,18886,0,23,26,0,0
1,0,130,0,1,23,0,0
1,48,10335,24,1,21,0,0
1,2464,18898,0,24,27,0,0
1,0,3193,7,1,24,0,0
1,0,45553,6,0,27,0,0
1,0,38610,0,21,38,0,0
1,0,24309,0,12,28,0,0
1,3988,45014,18,0,30,0,0
1,23,49479,12,0,28,0,0
1,0,852,0,0,23,0,0
1,3208,133,6,1,19,392,392
1,3226,43069,0,0,33,0,0
1,0,11508,0,2,21,8,0
1,0,4318,0,57,25,0,0
1,5448,12102,138,7,21,45264,45264
1,0,8812,5,2,28,208,208
1,480,7162,306,0,27,160,160
1,0,12545,0,11,30,312,312
1,2870,22923,0,0,32,1,1
1,0,1617,0,0,31,0,0
1,2991,49566,0,0,29,0,0
1,0,27425,6,45,33,0,0
1,104,1160,71,0,24,152,152
1,658,38761,0,662,25,116,0
1,0,11999,3,11,22,120,120
1,0,27988,12,9,29,0,0
1,0,5524,0,62,26,0,0
1,0,5216,0,2,25,0,0
1,2048,9477,60,1,25,40,40
1,0,868,0,0,26,0,0
1,0,51562,0,7,30,0,0
1,0,8489,0,11,23,7,7
1,0,631,0,1,31,0,0
1,0,13297,7,13,21,48,48
1,0,968,0,29,32,0,0
1,0,45816,0,0,25,5,5
1,0,49691,0,9,35,0,0
1,2144,23231,401,9,21,16,16
1,3101,45393,6,0,28,0,0
1,2312,9726,4,1,28,368,368
1,0,23397,80,13,24,24,24
1,0,30754,0,1,36,20,3
1,0,13438,0,1,31,296,296
1,8,39709,0,72,30,2,0
1,0,18988,21,41,32,8,8
1,0,2044,18,0,23,0,0
1,0,13329,0,2,27,0,0
1,0,6193,0,48,30,0,0
1,2104,23276,0,6,22,0,0
1,0,9859,0,3,20,5,0
1,0,6193,0,208,31,0,0
1,0,19530,0,13,28,0,0
1,4,51697,0,7,31,0,0
1,0,4186,0,140,23,0,0
1,10512,9796,2,1,25,32,32
1,0,9117,0,3,27,18,0
1,0,8763,6,0,29,0,0
1,324,28170,0,19,38,0,0
1,9,34478,0,794,30,0,0
1,39,25445,0,17,32,1,0
1,0,27962,0,39,25,0,0
1,10,31891,0,1173,23,4,0
1,695,31890,0,1191,24,10,0
1,228,48475,0,0,29,7,7
1,0,28942,0,38,26,0,0
1,0,2434,6,0,19,0,0
1,48,15346,35,8,26,32,32
1,0,1014,5,0,23,8,8
1,0,1543,6,1,23,0,0
1,3584,1762,57,1,30,0,0
1,0,23037,0,10,30,0,1
1,0,1377,6,0,23,0,0
1,836,6178,0,100,28,16,0
1,0,23437,0,3,30,3,7
1,0,1569,0,0,28,0,0
1,0,10489,0,279,23,0,0
1,1378,28990,0,38,25,0,0
1,0,10492,0,5,25,0,0
1,0,6798,0,0,26,0,0
1,213,34329,0,773,24,18,0
1,920,23396,1,8,22,0,0
1,0,51776,0,6,27,0,0
1,0,21669,0,8,31,8,8
1,0,21804,0,9,25,0,0
1,2660,33623,12,0,25,0,0
1,0,24688,0,17,32,0,0
1,0,48429,0,0,32,0,0
1,0,48436,0,0,31,0,0
1,35,34485,0,47,44,11,0
1,0,8532,0,60,28,0,0
1,8,33577,0,817,29,0,0
1,0,28941,0,5,26,124,0
1,0,7264,0,11,28,0,0
1,2902,29664,0,0,35,0,0
1,256,2765,6,4,25,0,0
1,0,36417,0,9,30,0,0
1,2723,42787,7,0,26,0,0
1,8,9366,34,3,24,48,48
1,1443,39527,0,1299,27,27,0
1,0,39999,110,0,24,0,0
1,3951,48820,0,0,24,0,0
1,0,45696,0,0,24,4,4
1,0,9511,6,2,23,32,32
1,2342,48531,0,0,31,0,0
1,0,3607,6,1,17,16,16
1,1789,50459,18,0,34,2,2
1,81,35769,0,1065,39,0,0
1,0,24391,0,64,26,56,0
1,369,35344,0,1106,24,23,0
1,0,17234,0,4,33,0,0
1,4,25998,0,9,22,51,0
1,77,40727,0,0,25,0,0
1,0,6983,0,0,28,0,0
1,0,6984,0,0,28,0,0
1,0,32157,0,0,23,0,0
1,0,9150,0,6,19,0,0
1,0,31930,0,0,27,0,0
1,4009,39552,1,0,29,2,2
1,0,13774,1,2,29,552,552
1,0,106,3,2,21,0,0
1,0,1710,6,0,17,0,0
1,0,45069,0,0,25,0,0
1,1,35393,0,1081,20,2,0
1,0,8073,0,64922,30,0,0
1,0,35838,0,1105,34,0,0
1,0,1798,6,0,20,0,0
1,0,10133,1,1,23,0,0
1,0,13822,6,1,26,0,0
1,2256,19459,12,8,26,32,32
1,2,35422,0,1083,20,0,0
1,0,21668,0,8,31,72,72
1,0,4158,0,1,22,0,0
1,0,3608,12,0,34,0,0
1,0,417,0,5,19,0,0
1,0,10494,0,3,28,2,0
1,4576,12798,7,5,27,56,56
1,204,34425,0,740,30,204,0
1,4464,11126,528,1,23,0,0
1,0,45282,12,0,28,3,3
1,0,33017,0,1276,26,0,0
1,0,4617,0,142,27,0,0
1,19,18175,0,44,24,8,0
1,0,9748,0,8,24,0,0
1,424,21490,0,162,31,0,0
1,16,12547,4,1,26,0,0
1,32,12548,0,1,27,0,0
1,490,35579,0,997,26,9,0
1,62,31352,0,1147,32,8,0
1,0,11516,0,4,25,16,16
1,8,9178,2,1,23,24,24
1,0,19118,0,13,29,0,0
1,2336,23330,1,58,26,0,0
1,10,35604,0,1031,22,2,0
1,0,5171,0,24,20,0,0
1,14,39341,0,1012,27,13,0
1,0,9223,3,1,31,8,8
1,4512,10593,28,2,30,0,0
1,1,44056,0,7,24,0,0
1,48,37337,0,595,25,3,0
1,0,13856,2,2,22,40,40
1,0,31702,0,2,27,0,0
1,47,40311,0,0,27,108,108
1,0,9225,1,1,27,0,0
1,1640,23,12,0,23,0,0
1,0,24031,6,0,20,0,0
1,585,43971,0,0,33,0,0
1,6,36,0,39,21,0,0
1,0,2977,5,0,26,16,16
1,8,15896,1,6,31,0,0
1,1176,36834,0,873,30,21,0
1,0,20536,0,6,28,3,0
1,0,15849,12,9,26,16,16
1,0,102,0,0,26,0,0
1,1,36249,0,991,33,0,0
1,2696,37946,6,0,26,0,0
1,891,20984,0,229,28,1,0
1,48,1905,35,0,23,0,0
1,0,5966,0,22,24,0,0
1,0,2644,6,1,25,0,0
1,48,1517,9,0,26,16,16
1,0,2216,1,0,24,0,0
1,15216,15844,17,3,22,8,8
1,105,35399,0,1068,23,0,0
1,0,32100,0,71,23,0,0
1,0,9307,0,1,25,0,0
1,220,22860,0,0,24,0,0
1,0,27864,0,4,28,0,0
1,0,12815,6,11,21,8,8
1,6,39487,0,938,31,1,0
1,0,5378,0,1,21,3,0
1,8,36881,0,983,28,0,0
1,0,6002,0,65,27,0,0
1,124,38520,0,1048,28,7,0
1,0,15941,2,4,22,0,0
1,48,42626,84,0,27,221,221
1,0,52819,0,6,24,0,0
1,0,45926,0,0,29,0,0
1,303,48190,0,0,26,5,5
1,0,50689,0,73,22,0,0
1,0,52690,0,9,32,1,0
1,0,10443,1,1,28,456,456
1,10336,20471,0,9,27,0,0
1,0,52703,0,9,33,0,0
1,0,1164,0,0,29,0,0
1,1,28537,0,18,31,13,0
1,68,40728,0,1203,38,0,0
1,0,7442,0,158,29,304,0
1,80,34581,0,857,29,10,0
1,7,35465,0,683,25,1,0
1,0,19910,9,8,32,80,80
1,1,27341,0,12,26,28,0
1,0,46015,7,0,30,25,25
1,4,38735,0,1049,28,1,0
1,1887,19337,0,18,26,0,0
1,1367,46015,0,0,28,97,97
1,20,5025,0,21,30,2,0
1,4,34829,0,623,27,1,0
1,0,2240,0,0,33,0,0
1,0,11757,0,3,22,0,0
1,32,1471,0,17,27,0,0
1,2000,14145,21,2,20,16,16
1,12,32408,0,1210,27,0,0
1,103,37811,0,0,30,15,15
1,0,16980,0,9,35,0,0
1,0,487,0,0,28,0,0
1,0,22451,0,13,29,0,0
1,312,35023,0,714,24,0,0
1,0,7795,0,6,35,0,0
1,8,9845,6,1,26,8,8
1,0,28028,0,32,26,6,0
1,0,44629,0,0,32,386,386
1,0,12569,1,24,25,32,32
1,0,3846,2,0,30,8,8
1,0,47994,0,12,22,0,0
1,1070,36768,0,0,36,0,0
1,0,10109,1,11,21,0,0
1,1112,16018,0,5,20,0,0
1,914,50057,1,0,34,0,0
1,1406,33504,0,1266,28,2,0
1,1042,50704,0,0,29,210,210
1,8,3273,3,0,26,0,0
1,0,3274,6,0,21,0,0
1,0,34719,0,0,28,0,0
1,0,437,0,0,27,0,0
1,4,277,0,5,27,0,0
1,0,23762,18,65,24,0,0
1,0,16181,6,4,19,0,0
1,0,4133,0,0,23,0,0
1,58,8001,0,41,24,160,0
1,2647,47826,0,0,30,0,0
1,488,3455,55,7,27,0,0
1,0,29425,0,21,25,5,0
1,0,9247,0,4,30,1,0
1,0,14915,0,4,33,0,0
1,19,52146,4,0,34,0,0
1,0,10536,0,4,29,0,0
1,43,34930,0,642,30,0,0
1,520,24071,0,8,35,176,176
1,3240,16111,8,8,29,0,0
1,0,16110,0,6,29,24,24
1,0,11139,0,12,18,2,0
1,5,14495,2,0,31,1,1
1,0,14313,14,3,25,24,24
1,2,37076,0,926,37,0,0
1,0,21030,0,0,27,19,19
1,0,4204,0,0,20,0,0
1,15,30498,6,0,39,0,0
1,64,38879,0,1142,29,0,0
1,0,20317,0,14,21,832,832
1,0,5383,0,1,27,0,0
1,0,28777,0,20,29,10,0
1,0,748,0,0,33,0,0
1,0,750,0,0,37,0,0
1,0,729,0,0,32,0,0
1,0,32873,0,1213,29,0,0
1,0,726,0,0,35,0,0
1,0,919,0,0,34,0,0
1,0,28409,0,0,32,0,0
1,0,2047,0,0,26,0,0
1,362,32692,0,1265,21,2,0
1,3337,42879,0,0,32,0,0
1,1544,16382,3,6,31,8,8
1,0,8655,1,4,25,0,0
1,0,47080,0,8,31,15,0
1,69,44446,6,0,32,0,0
1,0,1995,6,0,21,0,0
1,0,29886,0,0,28,0,0
1,6,34626,0,814,27,0,0
1,62296,19555,9,4,24,0,0
1,0,50377,0,7,43,0,0
1,0,35824,0,708,31,0,0
1,0,20463,25,16,24,8,8
1,0,14589,0,1,29,0,0
1,0,3602,0,0,25,0,0
1,0,20458,0,16,23,0,0
1,9,36731,0,983,46,0,0
1,0,3465,0,0,21,0,0
1,0,12190,6,30,24,32,32
1,6,30607,0,0,38,2,2
1,123,47687,6,0,28,135,135
1,2862,28954,98,24,39,8,8
1,0,42316,0,0,35,0,0
1,50,40181,0,0,29,16,16
1,5,35849,0,728,31,1,0
1,0,13492,0,5,23,32,32
1,0,4876,1,1,23,0,0
1,0,7898,1,3,27,0,0
1,0,4349,0,0,24,32,32
1,8,36757,0,943,41,1,0
1,16,677,3,0,29,0,0
1,0,9264,0,0,32,2,0
1,0,20486,0,13,18,0,0
1,0,24454,0,10,23,0,0
1,198,42452,0,304,39,6,0
1,200,22123,0,16,25,0,0
1,0,4070,0,9,24,0,0
1,0,489,0,0,31,0,0
1,32,17684,10,7,23,0,0
1,0,2359,0,0,33,0,0
1,0,2091,0,0,23,0,0
1,0,20341,95,8,36,16,16
1,0,24360,1,7,32,0,0
1,10392,24374,121,6,32,0,0
1,103,50857,6,0,38,0,0
1,0,6318,0,70,33,16,0
1,0,9291,0,20,26,2,0
1,0,3750,0,1,34,0,0
1,0,12163,5,4,26,0,0
1,0,10311,0,14,26,0,0
1,1095,49676,0,0,24,0,0
1,800,29223,11,15,40,0,0
1,0,15265,0,7,29,0,0
1,0,2480,0,1,33,0,0
1,0,10665,0,4,29,0,0
1,0,14029,0,4,29,0,0
1,3975,48820,0,0,30,0,0
1,0,8820,0,68,31,0,0
1,0,253,0,5,25,1,0
1,0,15264,0,7,29,0,0
1,0,20443,1,8,34,0,0
1,0,42235,2,0,34,0,0
1,0,10089,0,3,28,2,0
1,0,48194,1,0,24,0,0
1,0,4832,2,0,25,0,0
1,0,16541,0,8,28,0,0
1,0,11094,0,1,23,8,8
1,11,36536,0,944,34,0,0
1,0,180,0,4,25,0,0
1,0,42413,0,0,25,61,61
1,0,42413,0,0,30,9,9
1,0,24149,2,90,23,0,0
1,0,5046,0,0,25,0,0
1,984,10196,0,2,25,0,0
1,0,11023,0,5,28,0,0
1,0,699,0,0,36,0,0
1,0,633,0,0,33,0,0
1,0,29440,0,13,41,0,0
1,2726,51111,0,0,33,0,0
1,0,9541,0,0,24,0,0
1,0,657,0,0,32,0,0
1,0,49089,0,0,37,0,0
1,0,11789,2,19,25,0,0
1,0,2818,7,0,24,0,0
1,0,13463,0,21,24,0,0
1,697,30816,0,990,25,0,0
1,0,46765,6,0,25,0,0
1,8,15873,18,13,25,0,0
1,24,19168,0,19,24,0,0
1,269,42738,0,0,31,825,825
1,94,52623,14,0,29,0,0
1,2,8024,0,88,31,0,0
1,27856,27715,173,17,29,0,0
1,0,13557,0,1,36,0,0
1,1208,940,0,0,24,0,0
1,0,10503,1,14,25,40,40
1,0,12722,0,1,27,0,0
1,0,47791,0,0,31,0,0
1,0,2888,0,2,25,0,0
1,0,34756,0,0,32,5,5
1,0,23361,1,14,23,16,16
1,0,13389,0,3,23,0,0
1,0,31018,0,12,42,1,0
1,0,22439,0,8,35,0,0
1,15,37568,0,983,33,1,0
1,0,27537,0,0,29,18,18
1,0,9928,0,9,25,0,0
1,0,10241,0,9,35,4,0
1,48,10066,63,2,31,0,0
1,0,8239,0,164,30,0,0
1,10200,21599,1666,14,29,0,0
1,0,24657,2,8,31,0,0
1,0,3946,0,0,35,0,0
1,5,40774,0,1325,28,1,0
1,0,4711,1,0,28,0,0
1,187,39114,0,1138,22,0,0
1,32,1670,0,0,35,32,32
1,0,23174,0,12,27,16,16
1,0,12769,39,1,30,0,0
1,0,10593,0,1,27,0,0
1,0,10593,0,1,25,24,24
1,80,40184,0,1317,40,5,0
1,0,3969,0,3,34,0,0
1,2687,49610,0,0,35,0,0
1,52,40799,0,1337,23,9,0
1,0,3077,0,0,25,0,0
1,1288,226,0,0,24,160,160
1,0,48354,0,0,27,0,0
1,0,8267,0,19,26,0,0
1,7520,16328,2,6,22,8,8
1,12,37655,0,907,40,1,0
1,0,5843,0,22,29,0,0
1,12,43239,0,311,30,3,0
1,0,27362,0,11,28,5,0
1,0,6816,0,9,23,0,0
1,0,23229,6,0,30,0,0
1,0,8380,0,236,26,0,0
1,0,10683,13,2,27,0,0
1,0,1450,0,2,19,0,0
1,224,47792,9,0,24,0,0
1,172,44777,2,0,25,0,0
1,41,43261,0,313,29,2,0
1,0,3582,0,0,20,24,24
1,0,10721,0,4,24,0,0
1,8,11055,6,2,28,32,32
1,0,24958,0,12,24,0,0
1,0,5841,0,199,29,0,0
1,0,15668,0,3,19,0,0
1,0,3174,6,0,24,0,0
1,0,11234,0,2,21,0,0
1,0,5841,0,206,29,0,0
1,2496,21456,55,12,21,0,0
1,0,49758,0,0,31,0,0
1,0,14041,0,8,24,16,16
1,0,16981,0,5,22,32,32
1,0,9902,0,2,25,0,0
1,0,14043,0,6,22,16,16
1,0,15053,0,3,18,104,104
1,0,27497,0,13,26,0,0
1,5,40245,0,0,30,222,222
1,0,10276,0,5,28,16,16
1,1258,36633,0,834,24,8,0
1,0,15659,0,4,29,16,16
1,0,20227,0,20,24,0,0
1,0,4972,0,0,19,8,8
1,112,12221,11,5,33,48,48
1,0,5838,0,46,29,0,0
1,24,14337,22,8,25,0,0
1,0,13958,0,0,25,0,0
1,118,40302,0,0,28,1,1
1,1995,18962,0,155,24,0,0
1,0,11331,0,2,21,0,0
1,0,753,0,2,20,0,0
1,0,5937,0,206,28,0,0
1,0,1156,0,0,24,0,0
1,4,43910,12,0,30,0,0
1,0,8518,0,1,36,0,0
1,0,3150,0,0,24,0,0
1,91,36899,0,1065,28,0,0
1,0,21121,0,130,28,1,0
1,0,3105,2,0,25,0,0
1,0,13708,0,2,20,0,0
1,2280,15787,0,2,20,16,16
1,368,13822,35,7,24,0,0
1,0,11380,3,3,21,0,0
1,0,5020,6,0,20,0,0
1,64720,15317,6,8,26,8,8
1,47,43212,0,1411,37,7,0
1,137,36948,0,0,26,0,0
1,0,141415,0,0,41,0,0
1,0,15836,0,3,19,0,0
1,0,3152,12,0,22,0,0
1,0,3128,0,0,25,0,0
1,0,6033,0,188,28,0,0
1,0,13869,12,5,23,0,0
1,0,7187,0,3,22,0,0
1,17,38991,0,968,28,1,0
1,0,6033,0,213,29,0,0
1,30,27689,0,349,25,0,0
1,0,12142,0,7,28,0,0
1,0,8447,0,63,24,0,0
1,0,2430,0,2,18,0,0
1,0,16632,9,3,23,8,8
1,0,6553,0,61,25,0,0
1,3,36160,0,834,21,0,0
1,0,3391,6,0,21,0,0
1,1,39063,0,991,31,0,0
1,0,24959,0,10,25,9,0
1,0,6049,0,6,20,0,0
1,0,47812,55,0,25,0,0
1,0,33565,0,0,25,0,0
1,8,4949,3,1,24,0,0
1,8,36182,0,861,20,0,0
1,0,20771,0,7,21,2,0
1,0,43994,6,0,27,0,0
1,0,9506,0,1,36,0,0
1,0,53562,0,6,33,0,0
1,0,3439,6,0,20,0,0
1,0,770,0,4,35,0,0
1,0,23219,1,8,22,0,0
1,0,3342,0,0,25,0,0
1,501,20585,0,18,25,8,0
1,0,25160,16,9,31,0,0
1,0,3439,0,0,26,0,0
1,7,41972,0,1222,33,0,0
1,912,17314,6,6,24,0,0
1,8,16706,6,6,23,0,0
1,0,11949,6,1,29,32,32
1,14,37773,0,950,28,2,0
1,0,29648,0,14,30,0,0
1,0,8763,0,253,22,0,0
1,0,22705,0,11,38,0,0
1,0,225,0,3,25,0,0
1,0,634,0,0,17,0,0
1,0,11884,0,1,25,0,0
1,0,8860,0,244,25,8,0
1,1,37320,0,1013,28,0,0
1,8,38762,0,1048,27,0,0
1,668,34685,0,1319,32,0,0
1,171,32987,0,1215,23,50,0
1,0,1402,1,0,20,808,808
1,1,40080,0,1009,24,0,0
1,0,1402,4,0,27,8,8
1,0,16229,0,2,34,0,0
1,38,9369,0,8,39,4,0
1,0,16513,0,1,25,0,0
1,35,40102,0,1048,29,2,0
1,0,39738,0,1128,23,0,0
1,0,12118,0,8,34,32,32
1,24,5837,8,0,20,0,0
1,0,1376,0,0,28,0,0
1,52,40129,0,0,26,0,0
1,0,494,0,0,22,0,0
1,0,25466,12,10,24,0,0
1,0,26028,0,18,33,0,0
1,0,15492,0,2,28,64,64
1,0,2002,1,0,19,0,0
1,0,10491,0,2,23,0,0
1,0,14764,0,6,28,16,16
1,5344,2406,0,0,28,0,0
1,0,1620,0,9,34,0,0
1,920,1636,0,0,36,0,0
1,0,15163,12,0,28,0,0
1,1934,20802,0,65535,23,0,0
1,8,10056,4,0,34,8,8
1,0,9023,0,0,32,0,0
1,0,4347,6,0,32,0,0
1,0,17035,0,3,22,40,40
1,0,9046,0,0,28,0,0
1,0,9978,0,1,30,0,0
1,0,9046,0,1,30,0,0
1,0,47741,1,0,26,0,0
1,0,10005,0,2,31,0,0
1,2003,31505,0,17,26,2,0
1,0,5839,0,1,25,8,8
1,0,80062,0,0,23,0,0
1,0,15483,0,187,30,0,0
1,0,657,0,9,36,0,0
1,2047,42544,1,0,25,0,0
1,0,25516,0,6,24,0,0
1,0,12148,0,1,33,0,0
1,1,9724,0,4,19,0,0
1,0,2744,0,0,33,0,0
1,0,685,0,0,31,0,0
1,0,4849,0,0,28,0,0
1,0,36231,0,783,27,0,0
1,1927,32868,0,1199,26,0,0
1,0,4881,1,0,31,0,0
1,0,16457,12,4,29,8,8
1,0,4919,0,0,31,0,0
1,0,15579,0,276,33,0,0
1,304,6392,7,0,36,32,32
1,0,782,0,0,27,16,16
1,0,20626,0,7,34,0,0
1,0,31987,0,1109,20,0,0
1,176,10136,0,1,30,88,88
1,17,39122,0,1094,28,1,0
1,0,47714,0,0,29,0,0
1,0,13944,0,1,23,8,8
1,832,15933,0,2,33,512,512
1,0,9451,13,7,33,0,0
1,0,1761,18,0,23,0,0
1,8,3654,4,0,27,0,0
1,0,14626,0,6,29,0,0
1,0,49057,0,0,28,0,0
1,1200,6342,11,1,27,72,72
1,0,17865,4,8,24,88,88
1,0,3990,0,0,18,0,0
1,24,6312,5,0,16,0,0
1,1160,14645,19,1,20,24,24
1,0,14914,18,0,25,1,1
1,0,9366,0,96,23,0,0
1,1680,5812,35,0,26,448,448
1,72,4159,46,0,27,0,0
1,0,11887,0,2,23,0,0
1,88,39144,6,0,29,0,0
1,0,32135,0,1104,22,0,0
1,0,17329,0,0,29,0,0
1,0,14865,0,5,29,160,160
1,1176,20792,0,7,27,0,0
1,0,6398,0,3,28,0,0
1,48,5097,12,0,35,0,0
1,13,40957,0,1164,25,2,0
1,0,22022,0,16,28,0,0
1,0,998,0,0,24,0,0
1,0,1717,0,2,22,184,184
1,40,38779,0,991,42,63,0
1,160,24348,0,8,26,8,8
1,0,2412,4,0,24,0,0
1,638,38805,0,0,40,0,0
1,0,2867,0,1,33,224,224
1,0,38946,0,0,30,0,0
1,0,12486,0,1,28,0,0
1,0,1396,0,16,36,0,0
1,0,11141,0,117,29,0,0
1,0,22068,16,16,26,0,0
1,0,1376,0,0,23,0,0
1,0,26038,0,9,26,0,0
1,0,3732,0,0,23,0,0
1,0,26040,0,8,25,0,0
1,0,4348,6,0,23,0,0
1,88,22561,32,9,29,56,56
1,393,21379,0,31,25,0,0
1,0,17500,0,2,18,40,40
1,9264,24471,12,6,25,0,0
1,934,23663,0,190,30,4,0
1,0,12604,6,2,25,0,0
1,0,1806,0,1,29,0,0
1,0,48076,8,0,27,0,0
1,0,5327,0,0,24,0,0
1,1,4521,5880,0,31,7,7
1,0,10874,0,23,25,1,0
1,0,17548,0,2,21,24,24
1,0,2145,18,0,16,8,8
1,0,10605,0,0,31,0,0
1,0,10604,0,1,28,0,0
1,0,10557,0,1,28,0,0
1,0,5216,0,0,20,0,0
1,368,24212,486,3,20,0,0
1,2304,26350,3,7,23,0,0
1,0,4467,0,0,22,0,0
1,344,22710,12,8,29,0,0
1,4360,26093,11,6,26,8,8
1,0,4376,13,0,25,0,0
1,0,2695,0,0,31,24,24
1,1528,6896,2,0,36,0,0
1,0,7037,0,18,27,0,0
1,0,16511,0,0,24,0,0
1,0,4447,9,0,24,0,0
1,0,16353,0,5,22,0,0
1,0,14090,0,13,33,288,288
1,440,24684,1,10,25,0,0
1,0,3971,3,0,26,8,8
1,0,851,0,0,30,0,0
1,0,23005,0,0,26,0,0
1,0,11472,0,0,26,0,0
1,0,11484,0,111,24,0,0
1,0,4206,0,0,29,0,0
1,0,10782,0,82,23,8,0
1,0,2220,0,0,25,56,56
1,0,16448,6,4,22,48,48
1,0,35687,0,1341,22,4,0
1,0,10846,0,0,28,0,0
1,15336,22923,0,12,31,0,0
1,304,12918,7,1,20,0,0
1,0,11180,0,0,25,0,0
1,0,8359,0,27,25,0,0
1,0,11181,0,0,27,0,0
1,0,22392,0,1,28,0,0
1,0,2455,18,0,20,240,240
1,0,20268,0,11,26,0,0
1,0,13866,0,5,35,16,16
1,0,12959,0,1,22,0,0
1,21200,22529,1,16,30,8,8
1,6,41540,0,0,38,0,0
1,0,17909,0,6,23,136,136
1,0,11417,0,0,25,0,0
1,0,11673,0,0,24,0,0
1,0,2193,0,0,35,0,0
1,226,37276,0,674,29,113,0
1,0,12703,0,4,32,16,16
1,0,14204,0,1,24,0,0
1,0,17229,0,6,31,0,0
1,0,22311,0,10,21,48,48
1,0,2552,0,0,18,0,0
1,56,3007,1,0,33,32,32
1,0,9311,0,1,27,0,0
1,0,12391,1,5,24,16,16
1,0,26117,23,91,24,8,8
1,240,26571,0,8,23,0,0
1,6,9321,0,122,28,32,0
1,8,41632,0,1044,37,1,0
1,88,22407,0,9,21,0,0
1,130,41632,0,997,37,0,0
1,8,13086,4,1,22,0,0
1,0,1452,2,0,19,16,16
1,8,1906,18,0,26,0,0
1,0,32501,0,35,25,0,0
1,0,1881,0,0,22,88,88
1,0,1951,0,0,15,0,0
1,16,42175,0,1065,24,1,0
1,0,465,0,0,19,0,0
1,0,9818,0,61,27,0,0
1,0,17640,0,0,30,0,0
1,0,1951,5,0,19,0,0
1,0,22163,0,11,26,2,0
1,0,11808,0,0,25,0,0
1,0,1021,0,0,20,0,0
1,2,15718,120,3,25,6,6
1,0,12322,1,2,22,0,0
1,0,34314,0,1284,26,0,0
1,0,34313,0,0,25,0,0
1,0,13544,2,1,23,8,8
1,0,22027,0,24,22,32,0
1,36,38388,0,897,20,3,0
1,0,17457,0,4,25,0,0
1,0,37427,0,655,26,2,0
1,0,21940,0,16,25,0,0
1,3975,37742,0,0,27,0,0
1,8,13033,1,1,21,0,0
1,1408,4832,2375,22,70,2,2
1,1453,5322,43,0,71,0,1
1,1403,6040,0,0,65,0,0
1,2344,8650,0,0,65,0,0
1,2342,7676,0,0,74,0,0
0,0,19313,0,118,21,0,0
0,2,19379,0,148,27,0,0
0,0,18876,0,122,24,0,0
0,0,18024,0,139,31,0,0
0,0,3592,0,3,27,0,0
0,0,15973,0,40,29,0,0
0,0,2023,0,0,22,0,0
0,0,15975,0,40,27,0,0
0,0,11629,0,4,25,0,0
0,67,27722,0,932,23,0,0
0,0,3537,0,56,24,0,0
0,0,5362,0,10,25,0,0
0,0,15477,0,19,23,0,0
0,0,17356,0,652,29,0,0
0,0,4140,0,71,36,0,0
0,0,3128,0,21,33,0,0
0,0,30869,0,1152,35,0,0
0,0,24028,0,12,25,0,0
0,0,3534,0,52,20,0,0
0,0,46573,0,0,25,0,0
0,0,2645,0,94,23,0,0
0,94,27473,0,17,25,0,0
0,0,19998,0,9,27,0,0
0,0,4881,0,65,29,0,0
0,0,5049,0,151,26,0,0
0,0,37276,0,647,36,0,0
0,0,5481,0,15,28,0,0
0,0,42815,0,0,31,0,0
0,0,18549,0,104,27,0,0
0,0,5000,0,96,30,0,0
0,0,19913,0,121,20,0,0
0,2,19980,0,148,28,0,0
0,0,19476,0,123,25,0,0
0,0,18623,0,139,31,0,0
0,0,4191,0,3,26,0,0
0,0,16573,0,40,30,0,0
0,0,2623,0,1,24,0,0
0,0,16575,0,40,29,0,0
0,0,12229,0,4,24,0,0
0,67,28322,0,955,23,0,0
0,0,4137,0,58,25,0,0
0,0,5962,0,12,26,0,0
0,0,16077,0,19,23,0,0
0,0,17956,0,653,30,0,0
0,0,4740,0,71,36,0,0
0,0,3728,0,21,34,0,0
0,0,31469,0,1176,32,0,0
0,0,24628,0,12,25,0,0
0,0,4135,0,57,21,0,0
0,0,47172,0,0,26,0,0
0,0,3245,0,114,25,0,0
0,94,28073,0,17,25,0,0
0,0,20598,0,10,28,0,0
0,0,5482,0,67,28,0,0
0,0,5649,0,157,27,0,0
0,0,37875,0,650,37,0,0
0,0,6081,0,15,28,0,0
0,0,43416,0,0,33,0,0
0,0,56,0,0,23,0,0
0,0,5600,0,96,31,0,0
0,0,6634,0,102,32,0,0
0,0,17458,0,20,19,0,0
0,0,16622,0,22,25,0,0
0,0,30429,0,69,25,0,0
0,0,21856,0,128,22,0,0
0,2,21923,0,155,26,0,0
0,0,21419,0,133,25,0,0
0,0,20566,0,145,24,0,0
0,0,8363,0,62,27,0,0
0,0,6132,0,3,28,0,0
0,0,18516,0,40,30,0,0
0,0,4566,0,1,26,0,0
0,0,18518,0,40,28,0,0
0,67,30265,0,1031,25,0,0
0,0,6080,0,76,29,0,0
0,0,7905,0,26,26,0,0
0,0,18020,0,19,26,0,0
0,0,19899,0,670,31,0,0
0,0,6684,0,75,37,0,0
0,0,129,0,0,27,0,0
0,0,679,0,0,29,0,0
0,0,5671,0,47,33,0,0
0,0,21328,0,126,20,0,0
0,2,21395,0,151,28,0,0
0,0,20891,0,132,24,0,0
0,0,20039,0,143,32,0,0
0,0,7836,0,62,27,0,0
0,0,5605,0,3,25,0,0
0,0,17988,0,40,30,0,0
0,0,4038,0,1,26,0,0
0,0,17991,0,40,29,0,0
0,0,13645,0,4,23,0,0
0,67,29737,0,1010,23,0,0
0,0,5552,0,68,28,0,0
0,0,7377,0,19,27,0,0
0,0,17492,0,19,23,0,0
0,0,19371,0,662,30,0,0
0,0,6155,0,74,36,0,0
0,0,5143,0,47,32,0,0
0,0,32885,0,1232,32,0,0
0,0,26043,0,12,27,0,0
0,0,18037,0,19,26,0,0
0,0,21904,0,129,22,0,0
0,2,21970,0,157,25,0,0
0,0,21467,0,133,26,0,0
0,0,20614,0,145,24,0,0
0,0,8412,0,62,28,0,0
0,0,6180,0,3,28,0,0
0,0,18564,0,40,29,0,0
0,0,4614,0,1,27,0,0
0,0,18566,0,40,28,0,0
0,67,30313,0,1033,25,0,0
0,0,6128,0,76,29,0,0
0,0,7953,0,27,27,0,0
0,0,18068,0,19,26,0,0
0,0,19947,0,670,30,0,0
0,0,6731,0,75,36,0,0
0,0,176,0,0,29,0,0
0,0,727,0,0,30,0,0
0,2,21995,0,157,26,0,0
0,0,21491,0,133,25,0,0
0,0,20639,0,146,25,0,0
0,0,8435,0,62,28,0,0
0,0,6204,0,3,28,0,0
0,0,18588,0,40,29,0,0
0,0,4638,0,1,27,0,0
0,0,18590,0,40,28,0,0
0,67,30337,0,1034,26,0,0
0,0,6152,0,77,29,0,0
0,0,7977,0,28,28,0,0
0,0,18091,0,19,25,0,0
0,0,19971,0,670,31,0,0
0,0,6756,0,75,37,0,0
0,0,200,0,0,28,0,0
0,0,29398,0,19,29,0,0
0,0,13185,0,5,30,0,0
0,0,9490,0,70,31,0,0
0,0,11930,0,2,25,0,0
0,0,12532,0,201,26,0,0
0,0,11647,0,13,28,0,0
0,0,6529,0,6,27,0,0
0,0,15628,0,6,29,0,0
0,0,8961,0,23,28,0,0
0,0,7496,0,47,24,0,0
0,0,317,0,0,37,0,0
0,0,3317,0,0,29,0,0
0,0,26353,0,15,33,0,0
0,0,7785,0,34,24,0,0
0,0,8601,0,1,30,0,0
0,0,10539,0,16,38,0,0
0,0,14262,0,3,31,0,0
0,0,21563,0,133,26,0,0
0,0,20710,0,146,25,0,0
0,0,8507,0,63,28,0,0
0,0,6276,0,3,29,0,0
0,0,18660,0,40,29,0,0
0,0,4710,0,1,27,0,0
0,0,18662,0,40,28,0,0
0,67,30409,0,1037,26,0,0
0,0,6224,0,78,33,0,0
0,0,8049,0,32,27,0,0
0,0,18164,0,19,25,0,0
0,0,20043,0,670,30,0,0
0,0,6828,0,75,38,0,0
0,0,272,0,0,28,0,0
0,0,823,0,0,31,0,0
0,0,18805,0,23,23,0,0
0,0,11641,0,1,24,0,0
0,0,12075,0,2,23,0,0
0,0,30262,0,14,32,0,0
0,0,10854,0,1,20,0,0
0,0,5140,0,43,26,0,0
0,0,41842,0,1335,26,0,0
0,0,31962,0,1191,24,0,0
0,0,20807,0,136,26,0,0
0,0,24722,0,8,26,0,0
0,0,22576,0,136,22,0,0
0,2,22643,0,161,23,0,0
0,0,22139,0,138,25,0,0
0,0,21287,0,151,25,0,0
0,0,9084,0,72,28,0,0
0,0,6851,0,3,32,0,0
0,0,19236,0,40,29,0,0
0,0,154,0,0,24,0,0
0,0,5287,0,1,28,0,0
0,0,19238,0,40,27,0,0
0,67,30985,0,1060,26,0,0
0,0,6800,0,82,34,0,0
0,0,8625,0,36,28,0,0
0,0,18740,0,19,25,0,0
0,0,14941,0,4,30,0,0
0,0,7404,0,85,40,0,0
0,0,848,0,0,23,0,0
0,0,1399,0,0,29,0,0
0,0,1182,0,0,28,0,0
0,0,8048,0,94,31,0,0
0,29,8215,0,249,30,0,0
0,0,40442,0,687,40,0,0
0,0,8648,0,18,29,0,0
0,0,45983,0,0,33,0,0
0,0,2622,0,0,29,0,0
0,0,8167,0,105,33,0,0
0,0,9201,0,120,33,0,0
0,0,20025,0,20,22,0,0
0,0,19189,0,23,22,0,0
0,0,12025,0,1,25,0,0
0,0,12459,0,2,24,0,0
0,0,30647,0,14,33,0,0
0,0,11238,0,1,23,0,0
0,0,5524,0,45,27,0,0
0,0,42226,0,1349,26,0,0
0,0,32346,0,1206,24,0,0
0,0,12163,0,14,24,0,0
0,0,7640,0,78,29,0,0
0,0,47861,0,52,26,0,0
0,0,8503,0,34,22,0,0
0,0,12978,0,5,26,0,0
0,0,37511,0,942,31,0,0
0,0,589,0,0,27,0,0
0,0,12980,0,1,32,0,0
0,0,22522,0,155,25,0,0
0,0,49461,0,0,26,0,0
0,0,27735,0,13,23,0,0
0,0,13010,0,9,27,0,0
0,0,104,0,1,19,0,0
0,0,27344,0,12,31,0,0
0,0,18089,0,13,32,0,0
0,0,19702,0,11,25,0,0
0,0,13010,0,11,31,0,0
0,0,9968,0,98,32,0,0
0,0,9032,0,39,37,0,0
0,0,6005,0,33,24,0,0
0,0,3987,0,0,32,0,0
0,0,14521,0,3,23,0,0
0,0,27673,0,14,29,0,0
0,0,7998,0,115,35,0,0
0,0,6108,0,67,26,0,0
0,0,15302,0,1,19,0,0
0,0,9031,0,69,34,0,0
0,0,31369,0,1070,24,0,0
0,0,2596,0,0,28,0,0
0,0,39816,0,1089,28,0,0
0,0,1952,0,0,33,0,0
0,0,22960,0,125,22,0,0
0,0,4325,0,0,24,0,0
0,0,15925,0,7,22,0,0
0,0,14500,0,6,28,0,0
0,0,2312,0,0,32,0,0
0,0,1445,0,0,22,0,0
0,0,6005,0,47,28,0,0
0,0,7470,0,104,30,0,0
0,0,18118,0,22,29,0,0
0,0,8696,0,63,33,0,0
0,0,32782,0,1206,24,0,0
0,0,32817,0,1221,24,0,0
0,0,18177,0,19,26,0,0
0,0,9709,0,1,27,0,0
0,0,27654,0,10,26,0,0
0,0,39523,0,1142,26,0,0
0,0,12111,0,8,22,0,0
0,0,3224,0,0,20,0,0
0,0,30083,0,30,25,0,0
0,0,6990,0,106,30,0,0
0,0,7160,0,78,31,0,0
0,0,33785,0,1265,28,0,0
0,0,10141,0,0,26,0,0
0,0,32815,0,1213,27,0,0
0,0,21557,0,366,31,0,0
0,0,18132,0,6,31,0,0
0,0,14504,0,8,26,0,0
0,0,1638,0,0,25,0,0
0,0,36151,0,760,29,0,0
0,0,7953,0,81,23,0,0
0,0,8693,0,20,29,0,0
0,0,14497,0,2,24,0,0
0,0,12363,0,8,24,0,0
0,0,8695,0,153,27,0,0
0,0,11856,0,2,35,0,0
0,0,4416,0,0,26,0,0
0,0,7014,0,75,27,0,0
0,0,18177,0,18,25,0,0
0,0,8503,0,149,26,0,0
0,0,9633,0,97,28,0,0
0,0,16636,0,2,20,0,0
0,0,8495,0,2,23,0,0
0,0,19693,0,23,23,0,0
0,0,561,0,0,31,0,0
0,0,2911,0,0,28,0,0
0,0,22605,0,162,20,0,0
0,0,13021,0,3,19,0,0
0,0,31099,0,34,24,0,0
0,0,13216,0,1,35,0,0
0,0,5980,0,103,34,0,0
0,0,38173,0,627,30,0,0
0,0,8942,0,0,33,0,0
0,0,36872,0,912,28,0,0
0,0,27653,0,15,28,0,0
0,0,2960,0,238,24,0,0
0,0,29802,15,15,39,0,0
0,0,25466,0,0,27,0,0
0,0,8438,0,0,34,0,0
0,0,36368,0,896,29,0,0
0,0,27150,0,15,30,0,0
0,0,2456,0,221,26,0,0
0,0,29298,15,15,40,0,0
0,0,2745,0,0,24,0,0
0,0,2720,0,0,25,0,0
0,0,17964,0,21,32,0,0
0,0,22268,0,140,28,0,0
0,0,6342,0,50,27,0,0
0,0,42216,0,1269,39,0,0
0,0,35868,0,921,27,0,0
0,0,8025,0,49,27,0,0
0,0,6317,0,31,36,0,0
0,0,34345,0,1417,29,0,0
0,0,35675,0,791,39,0,0
0,0,29902,0,19,27,0,0
0,0,13689,0,5,29,0,0
0,0,9994,0,73,31,0,0
0,0,12435,0,2,25,0,0
0,0,13036,0,201,27,0,0
0,0,12151,0,13,29,0,0
0,0,7033,0,6,27,0,0
0,0,16132,0,6,26,0,0
0,0,9465,0,29,29,0,0
0,0,8000,0,53,25,0,0
0,0,821,0,0,37,0,0
0,0,3821,0,0,32,0,0
0,0,26858,0,15,31,0,0
0,0,8289,0,35,24,0,0
0,0,9105,0,1,32,0,0
0,0,11043,0,16,41,0,0
0,0,14765,0,3,30,0,0
0,0,13469,0,2,23,0,0
0,0,5143,0,4,20,0,0
0,0,13460,0,1,24,0,0
0,39,45438,0,0,36,0,0
0,0,17974,0,38,33,0,0
0,0,1740,0,0,34,0,0
0,0,4163,0,0,19,0,0
0,0,7856,0,66,32,0,0
0,0,3914,0,0,25,0,0
0,0,28148,6,20,28,0,0
0,0,4464,0,0,32,0,0
0,0,8358,0,68,35,0,0
0,0,6317,0,70,33,0,0
0,0,22010,0,0,25,0,0
0,0,7494,0,38,36,0,0
0,0,9463,0,61,27,0,0
0,0,21691,0,133,24,0,0
0,0,11214,0,1,25,0,0
0,0,4928,0,2,31,0,0
0,0,29596,0,9,39,0,0
0,0,9895,0,42,30,0,0
0,0,38878,0,1086,38,0,0
0,0,5166,0,5,25,0,0
0,0,42789,0,0,31,0,0
0,0,7332,0,136,23,0,0
0,0,6316,0,94,36,0,0
0,0,18996,0,40,29,0,0
0,0,5046,0,1,27,0,0
0,0,18998,0,40,27,0,0
0,67,30745,0,1050,26,0,0
0,0,6560,0,79,34,0,0
0,0,8385,0,34,28,0,0
0,0,18500,0,19,24,0,0
0,0,14701,0,4,29,0,0
0,0,7163,0,81,39,0,0
0,0,608,0,0,28,0,0
0,0,1159,0,0,31,0,0
0,0,6151,0,48,35,0,0
0,0,33893,0,1271,36,0,0
0,0,27051,0,12,31,0,0
0,0,19046,0,19,24,0,0
0,0,6558,0,82,28,0,0
0,0,49597,0,0,29,0,0
0,0,5668,0,164,28,0,0
0,0,1039,0,0,34,0,0
0,94,30496,0,17,27,0,0
0,0,1620,0,0,31,0,0
0,0,23021,0,10,31,0,0
0,0,1039,0,0,29,0,0
0,0,7905,0,91,31,0,0
0,28,8071,0,247,30,0,0
0,0,40298,0,684,41,0,0
0,0,8504,0,18,29,0,0
0,0,45839,0,0,36,0,0
0,0,2478,0,0,31,0,0
0,0,8023,0,103,34,0,0
0,0,9057,0,118,34,0,0
0,0,19881,0,20,21,0,0
0,0,19045,0,23,22,0,0
0,0,11881,0,1,25,0,0
0,0,2262,0,0,31,0,0
0,0,16472,0,5,21,0,0
0,0,35584,0,790,27,0,0
0,0,20303,0,18,22,0,0
0,0,8958,0,47,28,0,0
0,0,10207,0,110,30,0,0
0,0,7810,0,37,26,0,0
0,0,13807,0,1,21,0,0
0,0,10833,0,1,23,0,0
0,0,10136,0,158,32,0,0
0,0,13831,0,1,28,0,0
0,0,37344,0,860,31,0,0
0,0,13772,0,7,24,0,0
0,0,13658,6,2,22,0,0
0,0,34342,0,1301,26,0,0
0,0,35584,0,786,25,0,0
0,0,18806,0,24,24,0,0
0,0,35588,0,879,25,0,0
0,0,5262,0,1,26,0,0
0,0,16513,0,2,24,0,0
0,0,6804,0,105,32,0,0
0,0,1076,0,0,19,0,0
0,0,15108,0,2,26,0,0
0,2,40728,0,689,27,0,0
0,0,18844,0,15,25,0,0
0,0,27172,0,23,27,0,0
0,0,3290,0,0,31,0,0
0,0,7495,0,26,34,0,0
0,0,4973,0,1,27,0,0
0,0,53377,0,6,35,0,0
0,0,21587,0,134,26,0,0
0,0,20735,0,146,25,0,0
0,0,8531,0,63,28,0,0
0,0,6300,0,3,29,0,0
0,0,18684,0,40,29,0,0
0,0,4734,0,1,27,0,0
0,0,18686,0,40,28,0,0
0,67,30433,0,1038,25,0,0
0,0,6248,0,78,32,0,0
0,0,8072,0,32,28,0,0
0,0,18188,0,19,26,0,0
0,0,20067,0,671,30,0,0
0,0,6852,0,76,38,0,0
0,0,296,0,0,28,0,0
0,0,848,0,0,31,0,0
0,0,5839,0,47,34,0,0
0,0,33581,0,1259,36,0,0
0,0,26739,0,12,29,0,0
0,0,18734,0,19,24,0,0
0,0,6246,0,78,26,0,0
0,0,49285,0,0,27,0,0
0,0,5356,0,158,27,0,0
0,0,727,0,0,32,0,0
0,94,30184,0,17,28,0,0
0,0,1308,0,0,30,0,0
0,0,22709,0,10,32,0,0
0,0,727,0,0,27,0,0
0,0,7593,0,88,28,0,0
0,28,7759,0,242,29,0,0
0,0,39986,0,678,41,0,0
0,0,8192,0,17,28,0,0
0,0,2167,0,0,29,0,0
0,0,7711,0,100,33,0,0
0,0,8745,0,112,34,0,0
0,0,19569,0,20,22,0,0
0,0,18733,0,23,22,0,0
0,0,11569,0,1,25,0,0
0,0,12003,0,2,24,0,0
0,0,30190,0,14,33,0,0
0,0,10782,0,1,21,0,0
0,0,5068,0,40,26,0,0
0,0,41770,0,1333,27,0,0
0,0,31890,0,1188,25,0,0
0,0,20735,0,136,24,0,0
0,0,24650,0,8,26,0,0
0,0,5045,0,66,21,0,0
0,0,11226,0,14,24,0,0
0,0,6704,0,66,29,0,0
0,0,7568,0,29,22,0,0
0,0,12042,0,5,22,0,0
0,0,36575,0,920,33,0,0
0,0,12044,0,1,26,0,0
0,0,21587,0,148,24,0,0
0,0,48525,0,0,26,0,0
0,0,26799,0,13,26,0,0
0,0,12073,0,9,20,0,0
0,0,26408,0,12,31,0,0
0,0,17153,0,13,33,0,0
0,0,18766,0,11,26,0,0
0,0,12074,0,11,26,0,0
0,0,9032,0,87,33,0,0
0,0,8095,0,36,38,0,0
0,0,5070,0,28,26,0,0
0,0,3051,0,0,34,0,0
0,0,13584,0,3,22,0,0
0,0,26738,0,13,30,0,0
0,0,7062,0,98,36,0,0
0,0,5172,0,57,25,0,0
0,0,14365,0,1,22,0,0
0,0,8095,0,65,36,0,0
0,0,30433,0,1032,25,0,0
0,0,1660,0,0,29,0,0
0,0,38880,0,1056,30,0,0
0,0,1017,0,0,36,0,0
0,0,22024,0,119,23,0,0
0,0,3388,0,0,27,0,0
0,0,14989,0,7,23,0,0
0,0,13564,0,6,29,0,0
0,0,1376,0,1,32,0,0
0,0,509,0,0,23,0,0
0,0,5070,0,33,26,0,0
0,0,6534,0,91,31,0,0
0,0,17181,0,22,29,0,0
0,0,38142,0,0,28,0,0
0,0,7760,0,53,34,0,0
0,0,31846,0,1169,26,0,0
0,0,31881,0,1184,26,0,0
0,0,17241,0,19,27,0,0
0,0,8773,0,1,30,0,0
0,0,26718,0,10,27,0,0
0,0,38587,0,1108,27,0,0
0,0,11176,0,8,23,0,0
0,0,2288,0,0,21,0,0
0,0,29147,0,29,25,0,0
0,0,6054,0,96,31,0,0
0,0,6223,0,71,32,0,0
0,0,32849,0,1228,28,0,0
0,0,9205,0,0,28,0,0
0,0,31880,0,1177,28,0,0
0,0,20620,0,361,33,0,0
0,0,17196,0,6,32,0,0
0,0,13569,0,8,27,0,0
0,0,702,0,0,36,0,0
0,0,35215,0,730,30,0,0
0,0,7017,0,67,24,0,0
0,0,7757,0,9,31,0,0
0,0,13561,0,2,25,0,0
0,0,11427,0,8,24,0,0
0,0,7760,0,153,30,0,0
0,0,10920,0,2,31,0,0
0,0,3481,0,0,27,0,0
0,0,6078,0,65,30,0,0
0,0,17241,0,18,27,0,0
0,0,7567,0,148,33,0,0
0,0,8697,0,89,28,0,0
0,0,15700,0,2,20,0,0
0,0,10065,0,1,26,0,0
0,0,7560,0,2,23,0,0
0,0,18757,0,23,25,0,0
0,0,1974,0,0,31,0,0
0,0,21668,0,157,25,0,0
0,0,12086,0,3,19,0,0
0,0,30163,0,34,26,0,0
0,0,12282,0,1,35,0,0
0,0,5044,0,92,35,0,0
0,0,25033,0,0,26,0,0
0,0,8006,0,0,33,0,0
0,0,35936,0,880,29,0,0
0,0,26717,0,15,29,0,0
0,0,2023,0,208,26,0,0
0,0,28867,15,15,40,0,0
0,0,2312,0,0,23,0,0
0,0,2289,0,0,23,0,0
0,0,17533,0,21,30,0,0
0,0,21837,0,137,28,0,0
0,0,5910,0,49,28,0,0
0,0,41783,0,1259,35,0,0
0,0,35437,0,906,28,0,0
0,0,7593,0,47,24,0,0
0,0,5885,0,22,36,0,0
0,0,33912,0,1399,31,0,0
0,0,35242,0,776,39,0,0
0,0,21539,0,133,26,0,0
0,0,20687,0,146,25,0,0
0,0,8484,0,63,28,0,0
0,0,6251,0,3,29,0,0
0,0,18636,0,40,29,0,0
0,0,4686,0,1,27,0,0
0,0,18638,0,40,28,0,0
0,67,30385,0,1036,26,0,0
0,0,6200,0,77,29,0,0
0,0,8025,0,31,27,0,0
0,0,18140,0,19,26,0,0
0,0,20019,0,670,30,0,0
0,0,6803,0,75,37,0,0
0,0,249,0,0,27,0,0
0,0,799,0,0,29,0,0
0,0,5791,0,47,34,0,0
0,0,33532,0,1257,38,0,0
0,0,26691,0,12,28,0,0
0,0,18685,0,19,24,0,0
0,0,6197,0,76,24,0,0
0,0,49238,0,0,27,0,0
0,0,5309,0,158,26,0,0
0,0,679,0,0,31,0,0
0,94,30136,0,17,27,0,0
0,0,1260,0,0,29,0,0
0,0,22660,0,10,31,0,0
0,0,679,0,0,26,0,0
0,0,7544,0,87,28,0,0
0,28,7711,0,240,29,0,0
0,0,39939,0,677,40,0,0
0,0,8144,0,17,29,0,0
0,0,2118,0,0,30,0,0
0,0,7663,0,99,32,0,0
0,0,8697,0,111,33,0,0
0,0,19521,0,20,23,0,0
0,0,18685,0,23,23,0,0
0,0,11522,0,1,25,0,0
0,0,11956,0,2,24,0,0
0,0,30143,0,14,32,0,0
0,0,10734,0,1,21,0,0
0,0,5020,0,39,26,0,0
0,0,41723,0,1331,26,0,0
0,0,31842,0,1186,25,0,0
0,0,20687,0,135,23,0,0
0,0,24601,0,8,29,0,0
0,0,4997,0,66,21,0,0
0,0,11178,0,14,25,0,0
0,0,6656,0,66,28,0,0
0,0,7519,0,29,23,0,0
0,0,11994,0,5,22,0,0
0,0,36527,0,919,30,0,0
0,0,11996,0,1,24,0,0
0,0,21538,0,147,25,0,0
0,0,48477,0,0,27,0,0
0,0,26750,0,13,26,0,0
0,0,12025,0,9,21,0,0
0,0,26360,0,12,29,0,0
0,0,17106,0,13,34,0,0
0,0,18718,0,11,25,0,0
0,0,12026,0,11,25,0,0
0,0,8984,0,86,32,0,0
0,0,8047,0,36,37,0,0
0,0,5021,0,27,26,0,0
0,0,3003,0,0,33,0,0
0,0,13536,0,3,23,0,0
0,0,26689,0,13,28,0,0
0,0,7014,0,98,36,0,0
0,0,5125,0,57,25,0,0
0,0,14318,0,1,26,0,0
0,0,8047,0,65,35,0,0
0,0,30385,0,1031,25,0,0
0,0,1612,0,0,29,0,0
0,0,38832,0,1054,29,0,0
0,0,968,0,0,36,0,0
0,0,21976,0,119,24,0,0
0,0,3341,0,0,30,0,0
0,0,14941,0,7,24,0,0
0,0,13516,0,6,30,0,0
0,0,1328,0,1,33,0,0
0,0,462,0,0,23,0,0
0,0,5021,0,33,26,0,0
0,0,6486,0,90,29,0,0
0,0,17133,0,22,31,0,0
0,0,38094,0,0,29,0,0
0,0,7712,0,53,34,0,0
0,0,31798,0,1168,26,0,0
0,0,31832,0,1182,28,0,0
0,0,17192,0,19,29,0,0
0,0,8724,0,1,32,0,0
0,0,26670,0,10,26,0,0
0,0,38539,0,1107,27,0,0
0,0,11128,0,8,24,0,0
0,0,2240,0,0,21,0,0
0,0,29099,0,29,28,0,0
0,0,6005,0,95,29,0,0
0,0,6176,0,69,31,0,0
0,0,32802,0,1227,30,0,0
0,0,9157,0,0,27,0,0
0,0,31832,0,1175,30,0,0
0,0,20573,0,361,32,0,0
0,0,17148,0,6,32,0,0
0,0,13520,0,8,28,0,0
0,0,653,0,0,35,0,0
0,0,35167,0,729,27,0,0
0,0,6969,0,66,24,0,0
0,0,7709,0,9,30,0,0
0,0,13513,0,2,26,0,0
0,0,11380,0,8,25,0,0
0,0,7712,0,153,32,0,0
0,0,10872,0,2,28,0,0
0,0,3433,0,0,26,0,0
0,0,6030,0,64,27,0,0
0,0,17193,0,18,28,0,0
0,0,7519,0,148,32,0,0
0,0,7735,0,100,33,0,0
0,0,8768,0,113,33,0,0
0,0,19593,0,20,23,0,0
0,0,18757,0,23,22,0,0
0,0,11594,0,1,25,0,0
0,0,12028,0,2,25,0,0
0,0,30215,0,14,33,0,0
0,0,10806,0,1,23,0,0
0,0,5091,0,41,26,0,0
0,0,41795,0,1334,27,0,0
0,0,31915,0,1189,23,0,0
0,0,20759,0,136,22,0,0
0,0,24673,0,8,27,0,0
0,0,5069,0,67,21,0,0
0,0,11250,0,14,25,0,0
0,0,6728,0,66,29,0,0
0,0,7591,0,30,23,0,0
0,0,12066,0,5,22,0,0
0,0,36599,0,921,32,0,0
0,0,12068,0,1,25,0,0
0,0,21610,0,148,25,0,0
0,0,48549,0,0,28,0,0
0,0,26822,0,13,25,0,0
0,0,12097,0,9,22,0,0
0,0,26432,0,12,29,0,0
0,0,17178,0,13,33,0,0
0,0,18790,0,11,26,0,0
0,0,12098,0,11,25,0,0
0,0,9056,0,88,33,0,0
0,0,8119,0,36,38,0,0
0,0,5093,0,28,25,0,0
0,0,3076,0,0,34,0,0
0,0,13608,0,3,24,0,0
0,0,26762,0,13,29,0,0
0,0,7086,0,99,37,0,0
0,0,5196,0,57,23,0,0
0,0,14390,0,1,22,0,0
0,0,8119,0,65,36,0,0
0,0,30457,0,1033,25,0,0
0,0,1684,0,0,29,0,0
0,0,38904,0,1057,30,0,0
0,0,1040,0,0,37,0,0
0,0,22048,0,120,24,0,0
0,0,3413,0,0,27,0,0
0,0,15012,0,7,23,0,0
0,0,13588,0,6,29,0,0
0,0,1400,0,1,31,0,0
0,0,533,0,0,25,0,0
0,0,5094,0,33,26,0,0
0,0,6558,0,91,30,0,0
0,0,17205,0,22,30,0,0
0,0,38166,0,0,27,0,0
0,0,7784,0,53,34,0,0
0,0,31870,0,1170,25,0,0
0,0,31904,0,1185,25,0,0
0,0,17264,0,19,28,0,0
0,0,8797,0,1,29,0,0
0,0,26742,0,10,26,0,0
0,0,38611,0,1109,28,0,0
0,0,11200,0,8,24,0,0
0,0,2312,0,0,21,0,0
0,0,29172,0,29,26,0,0
0,0,6078,0,96,30,0,0
0,0,6248,0,71,33,0,0
0,0,32873,0,1229,28,0,0
0,0,9230,0,0,28,0,0
0,0,31904,0,1178,27,0,0
0,0,20645,0,361,35,0,0
0,0,17220,0,6,32,0,0
0,0,13592,0,8,27,0,0
0,0,726,0,0,36,0,0
0,0,35239,0,731,30,0,0
0,0,7041,0,67,25,0,0
0,0,7781,0,9,31,0,0
0,0,13585,0,2,26,0,0
0,0,22072,0,132,22,0,0
0,2,22139,0,159,23,0,0
0,0,21635,0,134,24,0,0
0,0,20782,0,146,25,0,0
0,0,8580,0,63,27,0,0
0,0,6348,0,3,28,0,0
0,0,18732,0,40,29,0,0
0,0,4782,0,1,26,0,0
0,0,18734,0,40,28,0,0
0,67,30481,0,1040,25,0,0
0,0,6296,0,78,32,0,0
0,0,8121,0,32,26,0,0
0,0,18236,0,19,25,0,0
0,0,20115,0,673,25,0,0
0,0,6899,0,77,37,0,0
0,0,344,0,0,26,0,0
0,0,895,0,0,30,0,0
0,0,22096,0,132,22,0,0
0,2,22163,0,159,25,0,0
0,0,21659,0,134,24,0,0
0,0,20806,0,146,24,0,0
0,0,8603,0,63,27,0,0
0,0,6372,0,3,29,0,0
0,0,18756,0,40,29,0,0
0,0,4806,0,1,25,0,0
0,0,18758,0,40,27,0,0
0,67,30505,0,1041,25,0,0
0,0,6320,0,78,33,0,0
0,0,8145,0,32,26,0,0
0,0,18260,0,19,25,0,0
0,0,20139,0,674,23,0,0
0,0,6924,0,77,37,0,0
0,0,368,0,0,27,0,0
0,0,919,0,0,29,0,0
0,0,5911,0,47,33,0,0
0,0,23008,0,137,21,0,0
0,2,23075,0,163,23,0,0
0,0,22571,0,139,24,0,0
0,0,21719,0,153,26,0,0
0,0,9515,0,74,26,0,0
0,0,7282,0,3,28,0,0
0,0,19668,0,40,28,0,0
0,0,585,0,0,23,0,0
0,0,209,0,2,25,0,0
0,0,5718,0,1,25,0,0
0,0,23032,0,137,21,0,0
0,2,23099,0,164,21,0,0
0,0,22595,0,139,25,0,0
0,0,21742,0,153,23,0,0
0,0,9539,0,74,28,0,0
0,0,7307,0,3,30,0,0
0,0,19692,0,40,28,0,0
0,0,609,0,0,28,0,0
0,0,233,0,2,25,0,0
0,0,4875,0,20,20,0,0
0,0,3006,0,0,24,0,0
0,0,6872,0,25,30,0,0
0,0,27744,0,19,27,0,0
0,0,1734,0,0,30,0,0
0,0,31350,0,1108,25,0,0
0,0,43548,0,0,28,0,0
0,0,5741,0,0,22,0,0
0,0,6942,0,52,27,0,0
0,0,8070,0,90,35,0,0
0,0,10592,0,75,30,0,0
0,0,3007,0,0,28,0,0
0,8,10977,7,1,22,0,0
0,0,2527,0,0,34,0,0
0,0,1040,0,0,35,0,0
0,0,42383,0,1312,29,0,0
0,0,36279,0,854,24,0,0
0,0,3488,0,0,23,0,0
0,0,9798,0,78,28,0,0
0,0,14228,0,5,22,0,0
0,0,7931,0,85,36,0,0
0,0,1376,0,0,23,0,0
0,0,1927,0,0,28,0,0
0,0,6919,0,48,33,0,0
0,0,34660,0,1301,34,0,0
0,0,4567,0,0,26,0,0
0,0,16825,0,3,21,0,0
0,0,2601,0,0,34,0,0
0,0,8143,0,22,30,0,0
0,0,15490,0,1,21,0,0
0,0,22074,0,160,19,0,0
0,0,2504,0,0,34,0,0
0,0,21887,0,153,23,0,0
0,0,9683,0,74,26,0,0
0,0,7450,0,3,28,0,0
0,0,19836,0,40,29,0,0
0,0,753,0,0,23,0,0
0,0,6513,0,52,33,0,0
0,0,401,0,2,25,0,0
0,0,5910,0,1,26,0,0
0,0,19862,0,40,27,0,0
0,67,31609,0,1085,24,0,0
0,0,7424,0,88,29,0,0
0,0,9249,0,42,26,0,0
0,0,19364,0,19,25,0,0
0,0,21935,0,153,24,0,0
0,0,9731,0,74,27,0,0
0,0,7498,0,3,29,0,0
0,0,19884,0,40,29,0,0
0,0,801,0,0,25,0,0
0,0,21959,0,153,23,0,0
0,0,9755,0,74,27,0,0
0,0,7522,0,3,29,0,0
0,0,19908,0,40,29,0,0
0,0,1975,0,0,28,0,0
0,0,8840,0,107,27,0,0
0,84,9007,0,344,22,0,0
0,0,41234,0,702,41,0,0
0,0,9440,0,19,29,0,0
0,0,9804,0,74,27,0,0
0,0,7570,0,3,29,0,0
0,0,19956,0,40,27,0,0
0,0,874,0,0,24,0,0
0,0,6609,0,52,33,0,0
0,0,498,0,2,25,0,0
0,0,6007,0,1,26,0,0
0,0,6828,0,695,29,0,0
0,0,37403,0,1022,31,0,0
0,0,8334,0,99,31,0,0
0,0,7668,0,101,31,0,0
0,0,7618,0,3,29,0,0
0,0,20004,0,40,27,0,0
0,0,921,0,0,25,0,0
0,0,6658,0,52,32,0,0
0,0,545,0,2,26,0,0
0,0,6054,0,1,26,0,0
0,0,6681,0,52,32,0,0
0,0,570,0,2,24,0,0
0,0,6079,0,1,25,0,0
0,0,20030,0,40,28,0,0
0,0,20052,0,40,29,0,0
0,0,969,0,0,24,0,0
0,0,6705,0,52,30,0,0
0,0,594,0,2,24,0,0
0,0,6102,0,1,25,0,0
0,0,20054,0,40,28,0,0
0,67,31801,0,1092,23,0,0
0,0,20079,0,40,28,0,0
0,67,31825,0,1093,23,0,0
0,0,7640,0,90,29,0,0
0,0,738,0,2,25,0,0
0,0,6246,0,1,26,0,0
0,0,20198,0,40,28,0,0
0,67,31945,0,1098,24,0,0
0,0,7760,0,91,29,0,0
0,0,20246,0,40,28,0,0
0,67,31993,0,1100,24,0,0
0,0,7808,0,91,29,0,0
0,0,10789,0,0,19,0,0
0,0,10615,0,87,27,0,0
0,0,14516,0,2,29,0,0
0,0,894,0,0,24,0,0
0,0,23315,0,142,26,0,0
0,0,22462,0,156,32,0,0
0,0,10260,0,74,29,0,0
0,0,8026,0,3,31,0,0
0,0,20412,0,40,30,0,0
0,0,6486,0,1,27,0,0
0,0,20438,0,40,28,0,0
0,67,32185,0,1107,24,0,0
0,0,8000,0,93,27,0,0
0,0,7257,0,54,31,0,0
0,0,1146,0,2,24,0,0
0,0,6654,0,1,25,0,0
0,0,20606,0,40,29,0,0
0,67,32353,0,1114,24,0,0
0,0,1355,0,0,22,0,0
0,0,33930,0,1268,26,0,0
0,0,5425,0,0,29,0,0
0,0,1665,0,0,23,0,0
0,0,22775,0,146,31,0,0
0,0,20750,0,40,28,0,0
0,67,32497,0,1120,24,0,0
0,0,8312,0,98,27,0,0
0,0,10137,0,49,26,0,0
0,0,20252,0,19,24,0,0
0,0,16452,0,4,24,0,0
0,0,8529,0,3,33,0,0
0,0,20916,0,40,29,0,0
0,0,1833,0,0,23,0,0
0,0,7569,0,54,32,0,0
0,0,1457,0,2,23,0,0
0,0,6966,0,1,23,0,0
0,0,20919,0,40,28,0,0
0,67,32666,0,1126,24,0,0
0,0,8480,0,100,27,0,0
0,0,10305,0,53,26,0,0
0,0,20420,0,19,23,0,0
0,0,16620,0,4,28,0,0
0,0,9083,0,92,38,0,0
0,0,2528,0,0,18,0,0
0,0,3079,0,0,20,0,0
0,0,8071,0,51,37,0,0
0,0,29044,0,18,28,0,0
0,0,18049,0,5,25,0,0
0,0,536,0,0,24,0,0
0,0,19653,0,37,28,0,0
0,0,3002,0,0,17,0,0
0,0,536,0,1,27,0,0
0,0,16642,0,4,29,0,0
0,0,536,0,0,25,0,0
0,0,7063,0,0,20,0,0
0,0,3165,0,0,25,0,0
0,0,18091,0,1,19,0,0
0,0,21086,0,40,29,0,0
0,67,32834,0,1132,24,0,0
0,0,8648,0,102,27,0,0
0,0,10473,0,54,26,0,0
0,0,20588,0,19,24,0,0
0,0,16788,0,4,27,0,0
0,0,9251,0,92,38,0,0
